PAESE;ORO;ARGENTO;BRONZO;TOTALE
	:al: Albania;;;;
	:ad: Andorra;;;;
	:sa: Arabia Saudita;;;;
	:ar: Argentina;;;;
	:am: Armenia;;;;
	 Atleti Individuali Neutrali;;;;
	:au: Australia;;;;
	:at: Austria;;;;
	:az: Azerbaigian;;;;
	:be: Belgio;;;;
	:bj: Benin;;;;
	:bo: Bolivia;;;;
	:ba: Bosnia ed Erzegovina;;;;
	:br: Brasile;;;;
	:bg: Bulgaria;;;;
	:ca: Canada;0;0;1;1
	:cl: Cile;;;;
	:cn: Cina;0;0;1;1
	:cy: Cipro;;;;
	:co: Colombia;;;;
	:kr: Corea del Sud;;;;
	:hr: Croazia;;;;
	:dk: Danimarca;;;;
	:ec: Ecuador;;;;
	:ae: Emirati Arabi Uniti;;;;
	:er: Eritrea;;;;
	:ee: Estonia;;;;
	:ph: Filippine;;;;
	:fi: Finlandia;;;;
	:fr: Francia;;;;
	:ge: Georgia;;;;
	:de: Germania;;;;
	:jm: Giamaica;;;;
	:jp: Giappone;1;1;1;3
	:gb: Gran Bretagna;;;;
	:gr: Grecia;;;;
	:gw: Guinea-Bissau;;;;
	:ht: Haiti;;;;
	:hk: Hong Kong;;;;
	:In: India;;;;
	:ir: Iran;;;;
	:ie: Irlanda;;;;
	:is: Islanda;;;;
	:il: Israele;;;;
	:it: Italia;1;1;1;3
	:kz: Kazakistan;;;;
	:ke: Kenya;;;;
	:kg: Kirghizistan;;;;
	:xk: Kosovo;;;;
	:lv: Lettonia;;;;
	:lb: Libano;;;;
	:li: Liechtenstein;;;;
	:lt: Lituania;;;;
	:lu: Lussemburgo;;;;
	:mk: Macedonia del Nord;;;;
	:mg: Madagascar;;;;
	:my: Malaysia;;;;
	:mt: Malta;;;;
	:ma: Marocco;;;;
	:mx: Messico;;;;
	:md: Moldavia;;;;
	:mc: Monaco;;;;
	:mn: Mongolia;;;;
	:me: Montenegro;;;;
	:ng: Nigeria;;;;
	:no: Norvegia;1;1;1;3
	:nz: Nuova Zelanda;;;;
	:nl: Paesi Bassi;;;;
	:pk: Pakistan;;;;
	:pl: Polonia;;;;
	:pt: Portogallo;;;;
	:cz: Rep. Ceca;;;;
	:ro: Romania;;;;
	:sm: San Marino;;;;
	:rs: Serbia;;;;
	:sg: Singapore;;;;
	:sk: Slovacchia;;;;
	:si: Slovenia;0;1;0;1
	:es: Spagna;;;;
	:us: Stati Uniti;;;;
	:za: Sudafrica;;;;
	:se: Svezia;1;1;0;2
	:ch: Svizzera;1;0;0;1
	:tw: Taipei cinese;;;;
	:th: Thailandia;;;;
	:tt: Trinidad e Tobago;;;;
	:tr: Turchia;;;;
	:ua: Ucraina;;;;
	:hu: Ungheria;;;;
	:uy: Uruguay;;;;
	:uz: Uzbekistan;;;;
	:ve: Venezuela;;;;











